,Posters
0,"https://ia.media-imdb.com/images/M/MV5BN2NkYzhlMDQtM2QwOS00NjJmLWI1M2QtMDFjNzE4ZmFkZjkxXkEyXkFqcGdeQXVyNDUzOTQ5MjY@._V1_UY1200_CR117,0,630,1200_AL_.jpg"
1,"https://ia.media-imdb.com/images/M/MV5BN2NkYzhlMDQtM2QwOS00NjJmLWI1M2QtMDFjNzE4ZmFkZjkxXkEyXkFqcGdeQXVyNDUzOTQ5MjY@._V1_UY1200_CR117,0,630,1200_AL_.jpg"
2,"https://ia.media-imdb.com/images/M/MV5BN2NkYzhlMDQtM2QwOS00NjJmLWI1M2QtMDFjNzE4ZmFkZjkxXkEyXkFqcGdeQXVyNDUzOTQ5MjY@._V1_UY1200_CR117,0,630,1200_AL_.jpg"
3,"https://ia.media-imdb.com/images/M/MV5BN2NkYzhlMDQtM2QwOS00NjJmLWI1M2QtMDFjNzE4ZmFkZjkxXkEyXkFqcGdeQXVyNDUzOTQ5MjY@._V1_UY1200_CR117,0,630,1200_AL_.jpg"
4,"https://ia.media-imdb.com/images/M/MV5BN2NkYzhlMDQtM2QwOS00NjJmLWI1M2QtMDFjNzE4ZmFkZjkxXkEyXkFqcGdeQXVyNDUzOTQ5MjY@._V1_UY1200_CR117,0,630,1200_AL_.jpg"
5,"https://ia.media-imdb.com/images/M/MV5BN2NkYzhlMDQtM2QwOS00NjJmLWI1M2QtMDFjNzE4ZmFkZjkxXkEyXkFqcGdeQXVyNDUzOTQ5MjY@._V1_UY1200_CR117,0,630,1200_AL_.jpg"
6,"https://ia.media-imdb.com/images/M/MV5BN2NkYzhlMDQtM2QwOS00NjJmLWI1M2QtMDFjNzE4ZmFkZjkxXkEyXkFqcGdeQXVyNDUzOTQ5MjY@._V1_UY1200_CR117,0,630,1200_AL_.jpg"
7,"https://ia.media-imdb.com/images/M/MV5BN2NkYzhlMDQtM2QwOS00NjJmLWI1M2QtMDFjNzE4ZmFkZjkxXkEyXkFqcGdeQXVyNDUzOTQ5MjY@._V1_UY1200_CR117,0,630,1200_AL_.jpg"
8,"https://ia.media-imdb.com/images/M/MV5BN2NkYzhlMDQtM2QwOS00NjJmLWI1M2QtMDFjNzE4ZmFkZjkxXkEyXkFqcGdeQXVyNDUzOTQ5MjY@._V1_UY1200_CR117,0,630,1200_AL_.jpg"
9,"https://ia.media-imdb.com/images/M/MV5BN2NkYzhlMDQtM2QwOS00NjJmLWI1M2QtMDFjNzE4ZmFkZjkxXkEyXkFqcGdeQXVyNDUzOTQ5MjY@._V1_UY1200_CR117,0,630,1200_AL_.jpg"
10,"https://ia.media-imdb.com/images/M/MV5BN2NkYzhlMDQtM2QwOS00NjJmLWI1M2QtMDFjNzE4ZmFkZjkxXkEyXkFqcGdeQXVyNDUzOTQ5MjY@._V1_UY1200_CR117,0,630,1200_AL_.jpg"
11,"https://ia.media-imdb.com/images/M/MV5BN2NkYzhlMDQtM2QwOS00NjJmLWI1M2QtMDFjNzE4ZmFkZjkxXkEyXkFqcGdeQXVyNDUzOTQ5MjY@._V1_UY1200_CR117,0,630,1200_AL_.jpg"
12,"https://ia.media-imdb.com/images/M/MV5BN2NkYzhlMDQtM2QwOS00NjJmLWI1M2QtMDFjNzE4ZmFkZjkxXkEyXkFqcGdeQXVyNDUzOTQ5MjY@._V1_UY1200_CR117,0,630,1200_AL_.jpg"
13,"https://ia.media-imdb.com/images/M/MV5BN2NkYzhlMDQtM2QwOS00NjJmLWI1M2QtMDFjNzE4ZmFkZjkxXkEyXkFqcGdeQXVyNDUzOTQ5MjY@._V1_UY1200_CR117,0,630,1200_AL_.jpg"
14,"https://ia.media-imdb.com/images/M/MV5BN2NkYzhlMDQtM2QwOS00NjJmLWI1M2QtMDFjNzE4ZmFkZjkxXkEyXkFqcGdeQXVyNDUzOTQ5MjY@._V1_UY1200_CR117,0,630,1200_AL_.jpg"
15,"https://ia.media-imdb.com/images/M/MV5BN2NkYzhlMDQtM2QwOS00NjJmLWI1M2QtMDFjNzE4ZmFkZjkxXkEyXkFqcGdeQXVyNDUzOTQ5MjY@._V1_UY1200_CR117,0,630,1200_AL_.jpg"
16,"https://ia.media-imdb.com/images/M/MV5BN2NkYzhlMDQtM2QwOS00NjJmLWI1M2QtMDFjNzE4ZmFkZjkxXkEyXkFqcGdeQXVyNDUzOTQ5MjY@._V1_UY1200_CR117,0,630,1200_AL_.jpg"
17,"https://ia.media-imdb.com/images/M/MV5BN2NkYzhlMDQtM2QwOS00NjJmLWI1M2QtMDFjNzE4ZmFkZjkxXkEyXkFqcGdeQXVyNDUzOTQ5MjY@._V1_UY1200_CR117,0,630,1200_AL_.jpg"
18,"https://ia.media-imdb.com/images/M/MV5BN2NkYzhlMDQtM2QwOS00NjJmLWI1M2QtMDFjNzE4ZmFkZjkxXkEyXkFqcGdeQXVyNDUzOTQ5MjY@._V1_UY1200_CR117,0,630,1200_AL_.jpg"
19,"https://ia.media-imdb.com/images/M/MV5BN2NkYzhlMDQtM2QwOS00NjJmLWI1M2QtMDFjNzE4ZmFkZjkxXkEyXkFqcGdeQXVyNDUzOTQ5MjY@._V1_UY1200_CR117,0,630,1200_AL_.jpg"
20,"https://ia.media-imdb.com/images/M/MV5BN2NkYzhlMDQtM2QwOS00NjJmLWI1M2QtMDFjNzE4ZmFkZjkxXkEyXkFqcGdeQXVyNDUzOTQ5MjY@._V1_UY1200_CR117,0,630,1200_AL_.jpg"
21,"https://ia.media-imdb.com/images/M/MV5BN2NkYzhlMDQtM2QwOS00NjJmLWI1M2QtMDFjNzE4ZmFkZjkxXkEyXkFqcGdeQXVyNDUzOTQ5MjY@._V1_UY1200_CR117,0,630,1200_AL_.jpg"
22,"https://ia.media-imdb.com/images/M/MV5BN2NkYzhlMDQtM2QwOS00NjJmLWI1M2QtMDFjNzE4ZmFkZjkxXkEyXkFqcGdeQXVyNDUzOTQ5MjY@._V1_UY1200_CR117,0,630,1200_AL_.jpg"
23,"https://ia.media-imdb.com/images/M/MV5BN2NkYzhlMDQtM2QwOS00NjJmLWI1M2QtMDFjNzE4ZmFkZjkxXkEyXkFqcGdeQXVyNDUzOTQ5MjY@._V1_UY1200_CR117,0,630,1200_AL_.jpg"
24,"https://ia.media-imdb.com/images/M/MV5BN2NkYzhlMDQtM2QwOS00NjJmLWI1M2QtMDFjNzE4ZmFkZjkxXkEyXkFqcGdeQXVyNDUzOTQ5MjY@._V1_UY1200_CR117,0,630,1200_AL_.jpg"
25,"https://ia.media-imdb.com/images/M/MV5BN2NkYzhlMDQtM2QwOS00NjJmLWI1M2QtMDFjNzE4ZmFkZjkxXkEyXkFqcGdeQXVyNDUzOTQ5MjY@._V1_UY1200_CR117,0,630,1200_AL_.jpg"
26,"https://ia.media-imdb.com/images/M/MV5BN2NkYzhlMDQtM2QwOS00NjJmLWI1M2QtMDFjNzE4ZmFkZjkxXkEyXkFqcGdeQXVyNDUzOTQ5MjY@._V1_UY1200_CR117,0,630,1200_AL_.jpg"
27,"https://ia.media-imdb.com/images/M/MV5BN2NkYzhlMDQtM2QwOS00NjJmLWI1M2QtMDFjNzE4ZmFkZjkxXkEyXkFqcGdeQXVyNDUzOTQ5MjY@._V1_UY1200_CR117,0,630,1200_AL_.jpg"
28,"https://ia.media-imdb.com/images/M/MV5BN2NkYzhlMDQtM2QwOS00NjJmLWI1M2QtMDFjNzE4ZmFkZjkxXkEyXkFqcGdeQXVyNDUzOTQ5MjY@._V1_UY1200_CR117,0,630,1200_AL_.jpg"
29,"https://ia.media-imdb.com/images/M/MV5BN2NkYzhlMDQtM2QwOS00NjJmLWI1M2QtMDFjNzE4ZmFkZjkxXkEyXkFqcGdeQXVyNDUzOTQ5MjY@._V1_UY1200_CR117,0,630,1200_AL_.jpg"
30,"https://ia.media-imdb.com/images/M/MV5BN2NkYzhlMDQtM2QwOS00NjJmLWI1M2QtMDFjNzE4ZmFkZjkxXkEyXkFqcGdeQXVyNDUzOTQ5MjY@._V1_UY1200_CR117,0,630,1200_AL_.jpg"
31,"https://ia.media-imdb.com/images/M/MV5BN2NkYzhlMDQtM2QwOS00NjJmLWI1M2QtMDFjNzE4ZmFkZjkxXkEyXkFqcGdeQXVyNDUzOTQ5MjY@._V1_UY1200_CR117,0,630,1200_AL_.jpg"
32,"https://ia.media-imdb.com/images/M/MV5BN2NkYzhlMDQtM2QwOS00NjJmLWI1M2QtMDFjNzE4ZmFkZjkxXkEyXkFqcGdeQXVyNDUzOTQ5MjY@._V1_UY1200_CR117,0,630,1200_AL_.jpg"
33,"https://ia.media-imdb.com/images/M/MV5BN2NkYzhlMDQtM2QwOS00NjJmLWI1M2QtMDFjNzE4ZmFkZjkxXkEyXkFqcGdeQXVyNDUzOTQ5MjY@._V1_UY1200_CR117,0,630,1200_AL_.jpg"
34,"https://ia.media-imdb.com/images/M/MV5BN2NkYzhlMDQtM2QwOS00NjJmLWI1M2QtMDFjNzE4ZmFkZjkxXkEyXkFqcGdeQXVyNDUzOTQ5MjY@._V1_UY1200_CR117,0,630,1200_AL_.jpg"
35,"https://ia.media-imdb.com/images/M/MV5BN2NkYzhlMDQtM2QwOS00NjJmLWI1M2QtMDFjNzE4ZmFkZjkxXkEyXkFqcGdeQXVyNDUzOTQ5MjY@._V1_UY1200_CR117,0,630,1200_AL_.jpg"
36,"https://ia.media-imdb.com/images/M/MV5BN2NkYzhlMDQtM2QwOS00NjJmLWI1M2QtMDFjNzE4ZmFkZjkxXkEyXkFqcGdeQXVyNDUzOTQ5MjY@._V1_UY1200_CR117,0,630,1200_AL_.jpg"
37,"https://ia.media-imdb.com/images/M/MV5BN2NkYzhlMDQtM2QwOS00NjJmLWI1M2QtMDFjNzE4ZmFkZjkxXkEyXkFqcGdeQXVyNDUzOTQ5MjY@._V1_UY1200_CR117,0,630,1200_AL_.jpg"
38,"https://ia.media-imdb.com/images/M/MV5BN2NkYzhlMDQtM2QwOS00NjJmLWI1M2QtMDFjNzE4ZmFkZjkxXkEyXkFqcGdeQXVyNDUzOTQ5MjY@._V1_UY1200_CR117,0,630,1200_AL_.jpg"
39,"https://ia.media-imdb.com/images/M/MV5BN2NkYzhlMDQtM2QwOS00NjJmLWI1M2QtMDFjNzE4ZmFkZjkxXkEyXkFqcGdeQXVyNDUzOTQ5MjY@._V1_UY1200_CR117,0,630,1200_AL_.jpg"
40,"https://ia.media-imdb.com/images/M/MV5BN2NkYzhlMDQtM2QwOS00NjJmLWI1M2QtMDFjNzE4ZmFkZjkxXkEyXkFqcGdeQXVyNDUzOTQ5MjY@._V1_UY1200_CR117,0,630,1200_AL_.jpg"
41,"https://ia.media-imdb.com/images/M/MV5BN2NkYzhlMDQtM2QwOS00NjJmLWI1M2QtMDFjNzE4ZmFkZjkxXkEyXkFqcGdeQXVyNDUzOTQ5MjY@._V1_UY1200_CR117,0,630,1200_AL_.jpg"
42,"https://ia.media-imdb.com/images/M/MV5BN2NkYzhlMDQtM2QwOS00NjJmLWI1M2QtMDFjNzE4ZmFkZjkxXkEyXkFqcGdeQXVyNDUzOTQ5MjY@._V1_UY1200_CR117,0,630,1200_AL_.jpg"
43,"https://ia.media-imdb.com/images/M/MV5BN2NkYzhlMDQtM2QwOS00NjJmLWI1M2QtMDFjNzE4ZmFkZjkxXkEyXkFqcGdeQXVyNDUzOTQ5MjY@._V1_UY1200_CR117,0,630,1200_AL_.jpg"
44,"https://ia.media-imdb.com/images/M/MV5BN2NkYzhlMDQtM2QwOS00NjJmLWI1M2QtMDFjNzE4ZmFkZjkxXkEyXkFqcGdeQXVyNDUzOTQ5MjY@._V1_UY1200_CR117,0,630,1200_AL_.jpg"
45,"https://ia.media-imdb.com/images/M/MV5BN2NkYzhlMDQtM2QwOS00NjJmLWI1M2QtMDFjNzE4ZmFkZjkxXkEyXkFqcGdeQXVyNDUzOTQ5MjY@._V1_UY1200_CR117,0,630,1200_AL_.jpg"
46,"https://ia.media-imdb.com/images/M/MV5BN2NkYzhlMDQtM2QwOS00NjJmLWI1M2QtMDFjNzE4ZmFkZjkxXkEyXkFqcGdeQXVyNDUzOTQ5MjY@._V1_UY1200_CR117,0,630,1200_AL_.jpg"
47,"https://ia.media-imdb.com/images/M/MV5BN2NkYzhlMDQtM2QwOS00NjJmLWI1M2QtMDFjNzE4ZmFkZjkxXkEyXkFqcGdeQXVyNDUzOTQ5MjY@._V1_UY1200_CR117,0,630,1200_AL_.jpg"
48,"https://ia.media-imdb.com/images/M/MV5BN2NkYzhlMDQtM2QwOS00NjJmLWI1M2QtMDFjNzE4ZmFkZjkxXkEyXkFqcGdeQXVyNDUzOTQ5MjY@._V1_UY1200_CR117,0,630,1200_AL_.jpg"
49,"https://ia.media-imdb.com/images/M/MV5BN2NkYzhlMDQtM2QwOS00NjJmLWI1M2QtMDFjNzE4ZmFkZjkxXkEyXkFqcGdeQXVyNDUzOTQ5MjY@._V1_UY1200_CR117,0,630,1200_AL_.jpg"
50,"https://ia.media-imdb.com/images/M/MV5BN2NkYzhlMDQtM2QwOS00NjJmLWI1M2QtMDFjNzE4ZmFkZjkxXkEyXkFqcGdeQXVyNDUzOTQ5MjY@._V1_UY1200_CR117,0,630,1200_AL_.jpg"
51,"https://ia.media-imdb.com/images/M/MV5BN2NkYzhlMDQtM2QwOS00NjJmLWI1M2QtMDFjNzE4ZmFkZjkxXkEyXkFqcGdeQXVyNDUzOTQ5MjY@._V1_UY1200_CR117,0,630,1200_AL_.jpg"
52,"https://ia.media-imdb.com/images/M/MV5BN2NkYzhlMDQtM2QwOS00NjJmLWI1M2QtMDFjNzE4ZmFkZjkxXkEyXkFqcGdeQXVyNDUzOTQ5MjY@._V1_UY1200_CR117,0,630,1200_AL_.jpg"
53,"https://ia.media-imdb.com/images/M/MV5BN2NkYzhlMDQtM2QwOS00NjJmLWI1M2QtMDFjNzE4ZmFkZjkxXkEyXkFqcGdeQXVyNDUzOTQ5MjY@._V1_UY1200_CR117,0,630,1200_AL_.jpg"
54,"https://ia.media-imdb.com/images/M/MV5BN2NkYzhlMDQtM2QwOS00NjJmLWI1M2QtMDFjNzE4ZmFkZjkxXkEyXkFqcGdeQXVyNDUzOTQ5MjY@._V1_UY1200_CR117,0,630,1200_AL_.jpg"
55,"https://ia.media-imdb.com/images/M/MV5BN2NkYzhlMDQtM2QwOS00NjJmLWI1M2QtMDFjNzE4ZmFkZjkxXkEyXkFqcGdeQXVyNDUzOTQ5MjY@._V1_UY1200_CR117,0,630,1200_AL_.jpg"
56,"https://ia.media-imdb.com/images/M/MV5BN2NkYzhlMDQtM2QwOS00NjJmLWI1M2QtMDFjNzE4ZmFkZjkxXkEyXkFqcGdeQXVyNDUzOTQ5MjY@._V1_UY1200_CR117,0,630,1200_AL_.jpg"
57,"https://ia.media-imdb.com/images/M/MV5BN2NkYzhlMDQtM2QwOS00NjJmLWI1M2QtMDFjNzE4ZmFkZjkxXkEyXkFqcGdeQXVyNDUzOTQ5MjY@._V1_UY1200_CR117,0,630,1200_AL_.jpg"
58,"https://ia.media-imdb.com/images/M/MV5BN2NkYzhlMDQtM2QwOS00NjJmLWI1M2QtMDFjNzE4ZmFkZjkxXkEyXkFqcGdeQXVyNDUzOTQ5MjY@._V1_UY1200_CR117,0,630,1200_AL_.jpg"
59,"https://ia.media-imdb.com/images/M/MV5BN2NkYzhlMDQtM2QwOS00NjJmLWI1M2QtMDFjNzE4ZmFkZjkxXkEyXkFqcGdeQXVyNDUzOTQ5MjY@._V1_UY1200_CR117,0,630,1200_AL_.jpg"
60,"https://ia.media-imdb.com/images/M/MV5BN2NkYzhlMDQtM2QwOS00NjJmLWI1M2QtMDFjNzE4ZmFkZjkxXkEyXkFqcGdeQXVyNDUzOTQ5MjY@._V1_UY1200_CR117,0,630,1200_AL_.jpg"
61,"https://ia.media-imdb.com/images/M/MV5BN2NkYzhlMDQtM2QwOS00NjJmLWI1M2QtMDFjNzE4ZmFkZjkxXkEyXkFqcGdeQXVyNDUzOTQ5MjY@._V1_UY1200_CR117,0,630,1200_AL_.jpg"
62,"https://ia.media-imdb.com/images/M/MV5BN2NkYzhlMDQtM2QwOS00NjJmLWI1M2QtMDFjNzE4ZmFkZjkxXkEyXkFqcGdeQXVyNDUzOTQ5MjY@._V1_UY1200_CR117,0,630,1200_AL_.jpg"
63,"https://ia.media-imdb.com/images/M/MV5BN2NkYzhlMDQtM2QwOS00NjJmLWI1M2QtMDFjNzE4ZmFkZjkxXkEyXkFqcGdeQXVyNDUzOTQ5MjY@._V1_UY1200_CR117,0,630,1200_AL_.jpg"
64,"https://ia.media-imdb.com/images/M/MV5BN2NkYzhlMDQtM2QwOS00NjJmLWI1M2QtMDFjNzE4ZmFkZjkxXkEyXkFqcGdeQXVyNDUzOTQ5MjY@._V1_UY1200_CR117,0,630,1200_AL_.jpg"
65,"https://ia.media-imdb.com/images/M/MV5BN2NkYzhlMDQtM2QwOS00NjJmLWI1M2QtMDFjNzE4ZmFkZjkxXkEyXkFqcGdeQXVyNDUzOTQ5MjY@._V1_UY1200_CR117,0,630,1200_AL_.jpg"
66,"https://ia.media-imdb.com/images/M/MV5BN2NkYzhlMDQtM2QwOS00NjJmLWI1M2QtMDFjNzE4ZmFkZjkxXkEyXkFqcGdeQXVyNDUzOTQ5MjY@._V1_UY1200_CR117,0,630,1200_AL_.jpg"
67,"https://ia.media-imdb.com/images/M/MV5BN2NkYzhlMDQtM2QwOS00NjJmLWI1M2QtMDFjNzE4ZmFkZjkxXkEyXkFqcGdeQXVyNDUzOTQ5MjY@._V1_UY1200_CR117,0,630,1200_AL_.jpg"
68,"https://ia.media-imdb.com/images/M/MV5BN2NkYzhlMDQtM2QwOS00NjJmLWI1M2QtMDFjNzE4ZmFkZjkxXkEyXkFqcGdeQXVyNDUzOTQ5MjY@._V1_UY1200_CR117,0,630,1200_AL_.jpg"
69,"https://ia.media-imdb.com/images/M/MV5BN2NkYzhlMDQtM2QwOS00NjJmLWI1M2QtMDFjNzE4ZmFkZjkxXkEyXkFqcGdeQXVyNDUzOTQ5MjY@._V1_UY1200_CR117,0,630,1200_AL_.jpg"
70,"https://ia.media-imdb.com/images/M/MV5BN2NkYzhlMDQtM2QwOS00NjJmLWI1M2QtMDFjNzE4ZmFkZjkxXkEyXkFqcGdeQXVyNDUzOTQ5MjY@._V1_UY1200_CR117,0,630,1200_AL_.jpg"
71,"https://ia.media-imdb.com/images/M/MV5BN2NkYzhlMDQtM2QwOS00NjJmLWI1M2QtMDFjNzE4ZmFkZjkxXkEyXkFqcGdeQXVyNDUzOTQ5MjY@._V1_UY1200_CR117,0,630,1200_AL_.jpg"
72,"https://ia.media-imdb.com/images/M/MV5BN2NkYzhlMDQtM2QwOS00NjJmLWI1M2QtMDFjNzE4ZmFkZjkxXkEyXkFqcGdeQXVyNDUzOTQ5MjY@._V1_UY1200_CR117,0,630,1200_AL_.jpg"
73,"https://ia.media-imdb.com/images/M/MV5BN2NkYzhlMDQtM2QwOS00NjJmLWI1M2QtMDFjNzE4ZmFkZjkxXkEyXkFqcGdeQXVyNDUzOTQ5MjY@._V1_UY1200_CR117,0,630,1200_AL_.jpg"
74,"https://ia.media-imdb.com/images/M/MV5BN2NkYzhlMDQtM2QwOS00NjJmLWI1M2QtMDFjNzE4ZmFkZjkxXkEyXkFqcGdeQXVyNDUzOTQ5MjY@._V1_UY1200_CR117,0,630,1200_AL_.jpg"
75,"https://ia.media-imdb.com/images/M/MV5BN2NkYzhlMDQtM2QwOS00NjJmLWI1M2QtMDFjNzE4ZmFkZjkxXkEyXkFqcGdeQXVyNDUzOTQ5MjY@._V1_UY1200_CR117,0,630,1200_AL_.jpg"
76,"https://ia.media-imdb.com/images/M/MV5BN2NkYzhlMDQtM2QwOS00NjJmLWI1M2QtMDFjNzE4ZmFkZjkxXkEyXkFqcGdeQXVyNDUzOTQ5MjY@._V1_UY1200_CR117,0,630,1200_AL_.jpg"
77,"https://ia.media-imdb.com/images/M/MV5BN2NkYzhlMDQtM2QwOS00NjJmLWI1M2QtMDFjNzE4ZmFkZjkxXkEyXkFqcGdeQXVyNDUzOTQ5MjY@._V1_UY1200_CR117,0,630,1200_AL_.jpg"
78,"https://ia.media-imdb.com/images/M/MV5BN2NkYzhlMDQtM2QwOS00NjJmLWI1M2QtMDFjNzE4ZmFkZjkxXkEyXkFqcGdeQXVyNDUzOTQ5MjY@._V1_UY1200_CR117,0,630,1200_AL_.jpg"
79,"https://ia.media-imdb.com/images/M/MV5BN2NkYzhlMDQtM2QwOS00NjJmLWI1M2QtMDFjNzE4ZmFkZjkxXkEyXkFqcGdeQXVyNDUzOTQ5MjY@._V1_UY1200_CR117,0,630,1200_AL_.jpg"
80,"https://ia.media-imdb.com/images/M/MV5BN2NkYzhlMDQtM2QwOS00NjJmLWI1M2QtMDFjNzE4ZmFkZjkxXkEyXkFqcGdeQXVyNDUzOTQ5MjY@._V1_UY1200_CR117,0,630,1200_AL_.jpg"
81,"https://ia.media-imdb.com/images/M/MV5BN2NkYzhlMDQtM2QwOS00NjJmLWI1M2QtMDFjNzE4ZmFkZjkxXkEyXkFqcGdeQXVyNDUzOTQ5MjY@._V1_UY1200_CR117,0,630,1200_AL_.jpg"
82,"https://ia.media-imdb.com/images/M/MV5BN2NkYzhlMDQtM2QwOS00NjJmLWI1M2QtMDFjNzE4ZmFkZjkxXkEyXkFqcGdeQXVyNDUzOTQ5MjY@._V1_UY1200_CR117,0,630,1200_AL_.jpg"
83,"https://ia.media-imdb.com/images/M/MV5BN2NkYzhlMDQtM2QwOS00NjJmLWI1M2QtMDFjNzE4ZmFkZjkxXkEyXkFqcGdeQXVyNDUzOTQ5MjY@._V1_UY1200_CR117,0,630,1200_AL_.jpg"
84,"https://ia.media-imdb.com/images/M/MV5BN2NkYzhlMDQtM2QwOS00NjJmLWI1M2QtMDFjNzE4ZmFkZjkxXkEyXkFqcGdeQXVyNDUzOTQ5MjY@._V1_UY1200_CR117,0,630,1200_AL_.jpg"
85,"https://ia.media-imdb.com/images/M/MV5BN2NkYzhlMDQtM2QwOS00NjJmLWI1M2QtMDFjNzE4ZmFkZjkxXkEyXkFqcGdeQXVyNDUzOTQ5MjY@._V1_UY1200_CR117,0,630,1200_AL_.jpg"
86,"https://ia.media-imdb.com/images/M/MV5BN2NkYzhlMDQtM2QwOS00NjJmLWI1M2QtMDFjNzE4ZmFkZjkxXkEyXkFqcGdeQXVyNDUzOTQ5MjY@._V1_UY1200_CR117,0,630,1200_AL_.jpg"
87,"https://ia.media-imdb.com/images/M/MV5BN2NkYzhlMDQtM2QwOS00NjJmLWI1M2QtMDFjNzE4ZmFkZjkxXkEyXkFqcGdeQXVyNDUzOTQ5MjY@._V1_UY1200_CR117,0,630,1200_AL_.jpg"
88,"https://ia.media-imdb.com/images/M/MV5BN2NkYzhlMDQtM2QwOS00NjJmLWI1M2QtMDFjNzE4ZmFkZjkxXkEyXkFqcGdeQXVyNDUzOTQ5MjY@._V1_UY1200_CR117,0,630,1200_AL_.jpg"
89,"https://ia.media-imdb.com/images/M/MV5BN2NkYzhlMDQtM2QwOS00NjJmLWI1M2QtMDFjNzE4ZmFkZjkxXkEyXkFqcGdeQXVyNDUzOTQ5MjY@._V1_UY1200_CR117,0,630,1200_AL_.jpg"
90,"https://ia.media-imdb.com/images/M/MV5BN2NkYzhlMDQtM2QwOS00NjJmLWI1M2QtMDFjNzE4ZmFkZjkxXkEyXkFqcGdeQXVyNDUzOTQ5MjY@._V1_UY1200_CR117,0,630,1200_AL_.jpg"
91,"https://ia.media-imdb.com/images/M/MV5BN2NkYzhlMDQtM2QwOS00NjJmLWI1M2QtMDFjNzE4ZmFkZjkxXkEyXkFqcGdeQXVyNDUzOTQ5MjY@._V1_UY1200_CR117,0,630,1200_AL_.jpg"
92,"https://ia.media-imdb.com/images/M/MV5BN2NkYzhlMDQtM2QwOS00NjJmLWI1M2QtMDFjNzE4ZmFkZjkxXkEyXkFqcGdeQXVyNDUzOTQ5MjY@._V1_UY1200_CR117,0,630,1200_AL_.jpg"
93,"https://ia.media-imdb.com/images/M/MV5BN2NkYzhlMDQtM2QwOS00NjJmLWI1M2QtMDFjNzE4ZmFkZjkxXkEyXkFqcGdeQXVyNDUzOTQ5MjY@._V1_UY1200_CR117,0,630,1200_AL_.jpg"
94,"https://ia.media-imdb.com/images/M/MV5BN2NkYzhlMDQtM2QwOS00NjJmLWI1M2QtMDFjNzE4ZmFkZjkxXkEyXkFqcGdeQXVyNDUzOTQ5MjY@._V1_UY1200_CR117,0,630,1200_AL_.jpg"
95,"https://ia.media-imdb.com/images/M/MV5BN2NkYzhlMDQtM2QwOS00NjJmLWI1M2QtMDFjNzE4ZmFkZjkxXkEyXkFqcGdeQXVyNDUzOTQ5MjY@._V1_UY1200_CR117,0,630,1200_AL_.jpg"
96,"https://ia.media-imdb.com/images/M/MV5BN2NkYzhlMDQtM2QwOS00NjJmLWI1M2QtMDFjNzE4ZmFkZjkxXkEyXkFqcGdeQXVyNDUzOTQ5MjY@._V1_UY1200_CR117,0,630,1200_AL_.jpg"
97,"https://ia.media-imdb.com/images/M/MV5BN2NkYzhlMDQtM2QwOS00NjJmLWI1M2QtMDFjNzE4ZmFkZjkxXkEyXkFqcGdeQXVyNDUzOTQ5MjY@._V1_UY1200_CR117,0,630,1200_AL_.jpg"
98,"https://ia.media-imdb.com/images/M/MV5BN2NkYzhlMDQtM2QwOS00NjJmLWI1M2QtMDFjNzE4ZmFkZjkxXkEyXkFqcGdeQXVyNDUzOTQ5MjY@._V1_UY1200_CR117,0,630,1200_AL_.jpg"
99,"https://ia.media-imdb.com/images/M/MV5BN2NkYzhlMDQtM2QwOS00NjJmLWI1M2QtMDFjNzE4ZmFkZjkxXkEyXkFqcGdeQXVyNDUzOTQ5MjY@._V1_UY1200_CR117,0,630,1200_AL_.jpg"
100,"https://ia.media-imdb.com/images/M/MV5BN2NkYzhlMDQtM2QwOS00NjJmLWI1M2QtMDFjNzE4ZmFkZjkxXkEyXkFqcGdeQXVyNDUzOTQ5MjY@._V1_UY1200_CR117,0,630,1200_AL_.jpg"
101,"https://ia.media-imdb.com/images/M/MV5BN2NkYzhlMDQtM2QwOS00NjJmLWI1M2QtMDFjNzE4ZmFkZjkxXkEyXkFqcGdeQXVyNDUzOTQ5MjY@._V1_UY1200_CR117,0,630,1200_AL_.jpg"
102,"https://ia.media-imdb.com/images/M/MV5BN2NkYzhlMDQtM2QwOS00NjJmLWI1M2QtMDFjNzE4ZmFkZjkxXkEyXkFqcGdeQXVyNDUzOTQ5MjY@._V1_UY1200_CR117,0,630,1200_AL_.jpg"
103,"https://ia.media-imdb.com/images/M/MV5BN2NkYzhlMDQtM2QwOS00NjJmLWI1M2QtMDFjNzE4ZmFkZjkxXkEyXkFqcGdeQXVyNDUzOTQ5MjY@._V1_UY1200_CR117,0,630,1200_AL_.jpg"
104,"https://ia.media-imdb.com/images/M/MV5BN2NkYzhlMDQtM2QwOS00NjJmLWI1M2QtMDFjNzE4ZmFkZjkxXkEyXkFqcGdeQXVyNDUzOTQ5MjY@._V1_UY1200_CR117,0,630,1200_AL_.jpg"
105,"https://ia.media-imdb.com/images/M/MV5BN2NkYzhlMDQtM2QwOS00NjJmLWI1M2QtMDFjNzE4ZmFkZjkxXkEyXkFqcGdeQXVyNDUzOTQ5MjY@._V1_UY1200_CR117,0,630,1200_AL_.jpg"
106,"https://ia.media-imdb.com/images/M/MV5BN2NkYzhlMDQtM2QwOS00NjJmLWI1M2QtMDFjNzE4ZmFkZjkxXkEyXkFqcGdeQXVyNDUzOTQ5MjY@._V1_UY1200_CR117,0,630,1200_AL_.jpg"
107,"https://ia.media-imdb.com/images/M/MV5BN2NkYzhlMDQtM2QwOS00NjJmLWI1M2QtMDFjNzE4ZmFkZjkxXkEyXkFqcGdeQXVyNDUzOTQ5MjY@._V1_UY1200_CR117,0,630,1200_AL_.jpg"
108,"https://ia.media-imdb.com/images/M/MV5BN2NkYzhlMDQtM2QwOS00NjJmLWI1M2QtMDFjNzE4ZmFkZjkxXkEyXkFqcGdeQXVyNDUzOTQ5MjY@._V1_UY1200_CR117,0,630,1200_AL_.jpg"
109,"https://ia.media-imdb.com/images/M/MV5BN2NkYzhlMDQtM2QwOS00NjJmLWI1M2QtMDFjNzE4ZmFkZjkxXkEyXkFqcGdeQXVyNDUzOTQ5MjY@._V1_UY1200_CR117,0,630,1200_AL_.jpg"
110,"https://ia.media-imdb.com/images/M/MV5BN2NkYzhlMDQtM2QwOS00NjJmLWI1M2QtMDFjNzE4ZmFkZjkxXkEyXkFqcGdeQXVyNDUzOTQ5MjY@._V1_UY1200_CR117,0,630,1200_AL_.jpg"
111,"https://ia.media-imdb.com/images/M/MV5BN2NkYzhlMDQtM2QwOS00NjJmLWI1M2QtMDFjNzE4ZmFkZjkxXkEyXkFqcGdeQXVyNDUzOTQ5MjY@._V1_UY1200_CR117,0,630,1200_AL_.jpg"
112,"https://ia.media-imdb.com/images/M/MV5BN2NkYzhlMDQtM2QwOS00NjJmLWI1M2QtMDFjNzE4ZmFkZjkxXkEyXkFqcGdeQXVyNDUzOTQ5MjY@._V1_UY1200_CR117,0,630,1200_AL_.jpg"
113,"https://ia.media-imdb.com/images/M/MV5BN2NkYzhlMDQtM2QwOS00NjJmLWI1M2QtMDFjNzE4ZmFkZjkxXkEyXkFqcGdeQXVyNDUzOTQ5MjY@._V1_UY1200_CR117,0,630,1200_AL_.jpg"
114,"https://ia.media-imdb.com/images/M/MV5BN2NkYzhlMDQtM2QwOS00NjJmLWI1M2QtMDFjNzE4ZmFkZjkxXkEyXkFqcGdeQXVyNDUzOTQ5MjY@._V1_UY1200_CR117,0,630,1200_AL_.jpg"
115,"https://ia.media-imdb.com/images/M/MV5BN2NkYzhlMDQtM2QwOS00NjJmLWI1M2QtMDFjNzE4ZmFkZjkxXkEyXkFqcGdeQXVyNDUzOTQ5MjY@._V1_UY1200_CR117,0,630,1200_AL_.jpg"
116,"https://ia.media-imdb.com/images/M/MV5BN2NkYzhlMDQtM2QwOS00NjJmLWI1M2QtMDFjNzE4ZmFkZjkxXkEyXkFqcGdeQXVyNDUzOTQ5MjY@._V1_UY1200_CR117,0,630,1200_AL_.jpg"
117,"https://ia.media-imdb.com/images/M/MV5BN2NkYzhlMDQtM2QwOS00NjJmLWI1M2QtMDFjNzE4ZmFkZjkxXkEyXkFqcGdeQXVyNDUzOTQ5MjY@._V1_UY1200_CR117,0,630,1200_AL_.jpg"
118,"https://ia.media-imdb.com/images/M/MV5BN2NkYzhlMDQtM2QwOS00NjJmLWI1M2QtMDFjNzE4ZmFkZjkxXkEyXkFqcGdeQXVyNDUzOTQ5MjY@._V1_UY1200_CR117,0,630,1200_AL_.jpg"
119,"https://ia.media-imdb.com/images/M/MV5BN2NkYzhlMDQtM2QwOS00NjJmLWI1M2QtMDFjNzE4ZmFkZjkxXkEyXkFqcGdeQXVyNDUzOTQ5MjY@._V1_UY1200_CR117,0,630,1200_AL_.jpg"
120,"https://ia.media-imdb.com/images/M/MV5BN2NkYzhlMDQtM2QwOS00NjJmLWI1M2QtMDFjNzE4ZmFkZjkxXkEyXkFqcGdeQXVyNDUzOTQ5MjY@._V1_UY1200_CR117,0,630,1200_AL_.jpg"
121,"https://ia.media-imdb.com/images/M/MV5BN2NkYzhlMDQtM2QwOS00NjJmLWI1M2QtMDFjNzE4ZmFkZjkxXkEyXkFqcGdeQXVyNDUzOTQ5MjY@._V1_UY1200_CR117,0,630,1200_AL_.jpg"
122,"https://ia.media-imdb.com/images/M/MV5BN2NkYzhlMDQtM2QwOS00NjJmLWI1M2QtMDFjNzE4ZmFkZjkxXkEyXkFqcGdeQXVyNDUzOTQ5MjY@._V1_UY1200_CR117,0,630,1200_AL_.jpg"
123,"https://ia.media-imdb.com/images/M/MV5BN2NkYzhlMDQtM2QwOS00NjJmLWI1M2QtMDFjNzE4ZmFkZjkxXkEyXkFqcGdeQXVyNDUzOTQ5MjY@._V1_UY1200_CR117,0,630,1200_AL_.jpg"
124,"https://ia.media-imdb.com/images/M/MV5BN2NkYzhlMDQtM2QwOS00NjJmLWI1M2QtMDFjNzE4ZmFkZjkxXkEyXkFqcGdeQXVyNDUzOTQ5MjY@._V1_UY1200_CR117,0,630,1200_AL_.jpg"
125,"https://ia.media-imdb.com/images/M/MV5BN2NkYzhlMDQtM2QwOS00NjJmLWI1M2QtMDFjNzE4ZmFkZjkxXkEyXkFqcGdeQXVyNDUzOTQ5MjY@._V1_UY1200_CR117,0,630,1200_AL_.jpg"
126,"https://ia.media-imdb.com/images/M/MV5BN2NkYzhlMDQtM2QwOS00NjJmLWI1M2QtMDFjNzE4ZmFkZjkxXkEyXkFqcGdeQXVyNDUzOTQ5MjY@._V1_UY1200_CR117,0,630,1200_AL_.jpg"
127,"https://ia.media-imdb.com/images/M/MV5BN2NkYzhlMDQtM2QwOS00NjJmLWI1M2QtMDFjNzE4ZmFkZjkxXkEyXkFqcGdeQXVyNDUzOTQ5MjY@._V1_UY1200_CR117,0,630,1200_AL_.jpg"
128,"https://ia.media-imdb.com/images/M/MV5BN2NkYzhlMDQtM2QwOS00NjJmLWI1M2QtMDFjNzE4ZmFkZjkxXkEyXkFqcGdeQXVyNDUzOTQ5MjY@._V1_UY1200_CR117,0,630,1200_AL_.jpg"
129,"https://ia.media-imdb.com/images/M/MV5BN2NkYzhlMDQtM2QwOS00NjJmLWI1M2QtMDFjNzE4ZmFkZjkxXkEyXkFqcGdeQXVyNDUzOTQ5MjY@._V1_UY1200_CR117,0,630,1200_AL_.jpg"
130,"https://ia.media-imdb.com/images/M/MV5BN2NkYzhlMDQtM2QwOS00NjJmLWI1M2QtMDFjNzE4ZmFkZjkxXkEyXkFqcGdeQXVyNDUzOTQ5MjY@._V1_UY1200_CR117,0,630,1200_AL_.jpg"
131,"https://ia.media-imdb.com/images/M/MV5BN2NkYzhlMDQtM2QwOS00NjJmLWI1M2QtMDFjNzE4ZmFkZjkxXkEyXkFqcGdeQXVyNDUzOTQ5MjY@._V1_UY1200_CR117,0,630,1200_AL_.jpg"
132,"https://ia.media-imdb.com/images/M/MV5BN2NkYzhlMDQtM2QwOS00NjJmLWI1M2QtMDFjNzE4ZmFkZjkxXkEyXkFqcGdeQXVyNDUzOTQ5MjY@._V1_UY1200_CR117,0,630,1200_AL_.jpg"
133,"https://ia.media-imdb.com/images/M/MV5BN2NkYzhlMDQtM2QwOS00NjJmLWI1M2QtMDFjNzE4ZmFkZjkxXkEyXkFqcGdeQXVyNDUzOTQ5MjY@._V1_UY1200_CR117,0,630,1200_AL_.jpg"
134,"https://ia.media-imdb.com/images/M/MV5BN2NkYzhlMDQtM2QwOS00NjJmLWI1M2QtMDFjNzE4ZmFkZjkxXkEyXkFqcGdeQXVyNDUzOTQ5MjY@._V1_UY1200_CR117,0,630,1200_AL_.jpg"
135,"https://ia.media-imdb.com/images/M/MV5BN2NkYzhlMDQtM2QwOS00NjJmLWI1M2QtMDFjNzE4ZmFkZjkxXkEyXkFqcGdeQXVyNDUzOTQ5MjY@._V1_UY1200_CR117,0,630,1200_AL_.jpg"
136,"https://ia.media-imdb.com/images/M/MV5BN2NkYzhlMDQtM2QwOS00NjJmLWI1M2QtMDFjNzE4ZmFkZjkxXkEyXkFqcGdeQXVyNDUzOTQ5MjY@._V1_UY1200_CR117,0,630,1200_AL_.jpg"
137,"https://ia.media-imdb.com/images/M/MV5BN2NkYzhlMDQtM2QwOS00NjJmLWI1M2QtMDFjNzE4ZmFkZjkxXkEyXkFqcGdeQXVyNDUzOTQ5MjY@._V1_UY1200_CR117,0,630,1200_AL_.jpg"
138,"https://ia.media-imdb.com/images/M/MV5BN2NkYzhlMDQtM2QwOS00NjJmLWI1M2QtMDFjNzE4ZmFkZjkxXkEyXkFqcGdeQXVyNDUzOTQ5MjY@._V1_UY1200_CR117,0,630,1200_AL_.jpg"
139,"https://ia.media-imdb.com/images/M/MV5BN2NkYzhlMDQtM2QwOS00NjJmLWI1M2QtMDFjNzE4ZmFkZjkxXkEyXkFqcGdeQXVyNDUzOTQ5MjY@._V1_UY1200_CR117,0,630,1200_AL_.jpg"
140,"https://ia.media-imdb.com/images/M/MV5BN2NkYzhlMDQtM2QwOS00NjJmLWI1M2QtMDFjNzE4ZmFkZjkxXkEyXkFqcGdeQXVyNDUzOTQ5MjY@._V1_UY1200_CR117,0,630,1200_AL_.jpg"
141,"https://ia.media-imdb.com/images/M/MV5BN2NkYzhlMDQtM2QwOS00NjJmLWI1M2QtMDFjNzE4ZmFkZjkxXkEyXkFqcGdeQXVyNDUzOTQ5MjY@._V1_UY1200_CR117,0,630,1200_AL_.jpg"
142,"https://ia.media-imdb.com/images/M/MV5BN2NkYzhlMDQtM2QwOS00NjJmLWI1M2QtMDFjNzE4ZmFkZjkxXkEyXkFqcGdeQXVyNDUzOTQ5MjY@._V1_UY1200_CR117,0,630,1200_AL_.jpg"
143,"https://ia.media-imdb.com/images/M/MV5BN2NkYzhlMDQtM2QwOS00NjJmLWI1M2QtMDFjNzE4ZmFkZjkxXkEyXkFqcGdeQXVyNDUzOTQ5MjY@._V1_UY1200_CR117,0,630,1200_AL_.jpg"
144,"https://ia.media-imdb.com/images/M/MV5BN2NkYzhlMDQtM2QwOS00NjJmLWI1M2QtMDFjNzE4ZmFkZjkxXkEyXkFqcGdeQXVyNDUzOTQ5MjY@._V1_UY1200_CR117,0,630,1200_AL_.jpg"
145,"https://ia.media-imdb.com/images/M/MV5BN2NkYzhlMDQtM2QwOS00NjJmLWI1M2QtMDFjNzE4ZmFkZjkxXkEyXkFqcGdeQXVyNDUzOTQ5MjY@._V1_UY1200_CR117,0,630,1200_AL_.jpg"
146,"https://ia.media-imdb.com/images/M/MV5BN2NkYzhlMDQtM2QwOS00NjJmLWI1M2QtMDFjNzE4ZmFkZjkxXkEyXkFqcGdeQXVyNDUzOTQ5MjY@._V1_UY1200_CR117,0,630,1200_AL_.jpg"
147,"https://ia.media-imdb.com/images/M/MV5BN2NkYzhlMDQtM2QwOS00NjJmLWI1M2QtMDFjNzE4ZmFkZjkxXkEyXkFqcGdeQXVyNDUzOTQ5MjY@._V1_UY1200_CR117,0,630,1200_AL_.jpg"
148,"https://ia.media-imdb.com/images/M/MV5BN2NkYzhlMDQtM2QwOS00NjJmLWI1M2QtMDFjNzE4ZmFkZjkxXkEyXkFqcGdeQXVyNDUzOTQ5MjY@._V1_UY1200_CR117,0,630,1200_AL_.jpg"
149,"https://ia.media-imdb.com/images/M/MV5BN2NkYzhlMDQtM2QwOS00NjJmLWI1M2QtMDFjNzE4ZmFkZjkxXkEyXkFqcGdeQXVyNDUzOTQ5MjY@._V1_UY1200_CR117,0,630,1200_AL_.jpg"
150,"https://ia.media-imdb.com/images/M/MV5BN2NkYzhlMDQtM2QwOS00NjJmLWI1M2QtMDFjNzE4ZmFkZjkxXkEyXkFqcGdeQXVyNDUzOTQ5MjY@._V1_UY1200_CR117,0,630,1200_AL_.jpg"
151,"https://ia.media-imdb.com/images/M/MV5BN2NkYzhlMDQtM2QwOS00NjJmLWI1M2QtMDFjNzE4ZmFkZjkxXkEyXkFqcGdeQXVyNDUzOTQ5MjY@._V1_UY1200_CR117,0,630,1200_AL_.jpg"
152,"https://ia.media-imdb.com/images/M/MV5BN2NkYzhlMDQtM2QwOS00NjJmLWI1M2QtMDFjNzE4ZmFkZjkxXkEyXkFqcGdeQXVyNDUzOTQ5MjY@._V1_UY1200_CR117,0,630,1200_AL_.jpg"
153,"https://ia.media-imdb.com/images/M/MV5BN2NkYzhlMDQtM2QwOS00NjJmLWI1M2QtMDFjNzE4ZmFkZjkxXkEyXkFqcGdeQXVyNDUzOTQ5MjY@._V1_UY1200_CR117,0,630,1200_AL_.jpg"
154,"https://ia.media-imdb.com/images/M/MV5BN2NkYzhlMDQtM2QwOS00NjJmLWI1M2QtMDFjNzE4ZmFkZjkxXkEyXkFqcGdeQXVyNDUzOTQ5MjY@._V1_UY1200_CR117,0,630,1200_AL_.jpg"
155,"https://ia.media-imdb.com/images/M/MV5BN2NkYzhlMDQtM2QwOS00NjJmLWI1M2QtMDFjNzE4ZmFkZjkxXkEyXkFqcGdeQXVyNDUzOTQ5MjY@._V1_UY1200_CR117,0,630,1200_AL_.jpg"
156,"https://ia.media-imdb.com/images/M/MV5BN2NkYzhlMDQtM2QwOS00NjJmLWI1M2QtMDFjNzE4ZmFkZjkxXkEyXkFqcGdeQXVyNDUzOTQ5MjY@._V1_UY1200_CR117,0,630,1200_AL_.jpg"
157,"https://ia.media-imdb.com/images/M/MV5BN2NkYzhlMDQtM2QwOS00NjJmLWI1M2QtMDFjNzE4ZmFkZjkxXkEyXkFqcGdeQXVyNDUzOTQ5MjY@._V1_UY1200_CR117,0,630,1200_AL_.jpg"
158,"https://ia.media-imdb.com/images/M/MV5BN2NkYzhlMDQtM2QwOS00NjJmLWI1M2QtMDFjNzE4ZmFkZjkxXkEyXkFqcGdeQXVyNDUzOTQ5MjY@._V1_UY1200_CR117,0,630,1200_AL_.jpg"
159,"https://ia.media-imdb.com/images/M/MV5BN2NkYzhlMDQtM2QwOS00NjJmLWI1M2QtMDFjNzE4ZmFkZjkxXkEyXkFqcGdeQXVyNDUzOTQ5MjY@._V1_UY1200_CR117,0,630,1200_AL_.jpg"
160,"https://ia.media-imdb.com/images/M/MV5BN2NkYzhlMDQtM2QwOS00NjJmLWI1M2QtMDFjNzE4ZmFkZjkxXkEyXkFqcGdeQXVyNDUzOTQ5MjY@._V1_UY1200_CR117,0,630,1200_AL_.jpg"
161,"https://ia.media-imdb.com/images/M/MV5BN2NkYzhlMDQtM2QwOS00NjJmLWI1M2QtMDFjNzE4ZmFkZjkxXkEyXkFqcGdeQXVyNDUzOTQ5MjY@._V1_UY1200_CR117,0,630,1200_AL_.jpg"
162,"https://ia.media-imdb.com/images/M/MV5BN2NkYzhlMDQtM2QwOS00NjJmLWI1M2QtMDFjNzE4ZmFkZjkxXkEyXkFqcGdeQXVyNDUzOTQ5MjY@._V1_UY1200_CR117,0,630,1200_AL_.jpg"
163,"https://ia.media-imdb.com/images/M/MV5BN2NkYzhlMDQtM2QwOS00NjJmLWI1M2QtMDFjNzE4ZmFkZjkxXkEyXkFqcGdeQXVyNDUzOTQ5MjY@._V1_UY1200_CR117,0,630,1200_AL_.jpg"
164,"https://ia.media-imdb.com/images/M/MV5BN2NkYzhlMDQtM2QwOS00NjJmLWI1M2QtMDFjNzE4ZmFkZjkxXkEyXkFqcGdeQXVyNDUzOTQ5MjY@._V1_UY1200_CR117,0,630,1200_AL_.jpg"
165,"https://ia.media-imdb.com/images/M/MV5BN2NkYzhlMDQtM2QwOS00NjJmLWI1M2QtMDFjNzE4ZmFkZjkxXkEyXkFqcGdeQXVyNDUzOTQ5MjY@._V1_UY1200_CR117,0,630,1200_AL_.jpg"
166,"https://ia.media-imdb.com/images/M/MV5BN2NkYzhlMDQtM2QwOS00NjJmLWI1M2QtMDFjNzE4ZmFkZjkxXkEyXkFqcGdeQXVyNDUzOTQ5MjY@._V1_UY1200_CR117,0,630,1200_AL_.jpg"
167,"https://ia.media-imdb.com/images/M/MV5BN2NkYzhlMDQtM2QwOS00NjJmLWI1M2QtMDFjNzE4ZmFkZjkxXkEyXkFqcGdeQXVyNDUzOTQ5MjY@._V1_UY1200_CR117,0,630,1200_AL_.jpg"
168,"https://ia.media-imdb.com/images/M/MV5BN2NkYzhlMDQtM2QwOS00NjJmLWI1M2QtMDFjNzE4ZmFkZjkxXkEyXkFqcGdeQXVyNDUzOTQ5MjY@._V1_UY1200_CR117,0,630,1200_AL_.jpg"
169,"https://ia.media-imdb.com/images/M/MV5BN2NkYzhlMDQtM2QwOS00NjJmLWI1M2QtMDFjNzE4ZmFkZjkxXkEyXkFqcGdeQXVyNDUzOTQ5MjY@._V1_UY1200_CR117,0,630,1200_AL_.jpg"
170,"https://ia.media-imdb.com/images/M/MV5BN2NkYzhlMDQtM2QwOS00NjJmLWI1M2QtMDFjNzE4ZmFkZjkxXkEyXkFqcGdeQXVyNDUzOTQ5MjY@._V1_UY1200_CR117,0,630,1200_AL_.jpg"
171,"https://ia.media-imdb.com/images/M/MV5BN2NkYzhlMDQtM2QwOS00NjJmLWI1M2QtMDFjNzE4ZmFkZjkxXkEyXkFqcGdeQXVyNDUzOTQ5MjY@._V1_UY1200_CR117,0,630,1200_AL_.jpg"
172,"https://ia.media-imdb.com/images/M/MV5BN2NkYzhlMDQtM2QwOS00NjJmLWI1M2QtMDFjNzE4ZmFkZjkxXkEyXkFqcGdeQXVyNDUzOTQ5MjY@._V1_UY1200_CR117,0,630,1200_AL_.jpg"
173,"https://ia.media-imdb.com/images/M/MV5BN2NkYzhlMDQtM2QwOS00NjJmLWI1M2QtMDFjNzE4ZmFkZjkxXkEyXkFqcGdeQXVyNDUzOTQ5MjY@._V1_UY1200_CR117,0,630,1200_AL_.jpg"
174,"https://ia.media-imdb.com/images/M/MV5BN2NkYzhlMDQtM2QwOS00NjJmLWI1M2QtMDFjNzE4ZmFkZjkxXkEyXkFqcGdeQXVyNDUzOTQ5MjY@._V1_UY1200_CR117,0,630,1200_AL_.jpg"
175,"https://ia.media-imdb.com/images/M/MV5BN2NkYzhlMDQtM2QwOS00NjJmLWI1M2QtMDFjNzE4ZmFkZjkxXkEyXkFqcGdeQXVyNDUzOTQ5MjY@._V1_UY1200_CR117,0,630,1200_AL_.jpg"
176,"https://ia.media-imdb.com/images/M/MV5BN2NkYzhlMDQtM2QwOS00NjJmLWI1M2QtMDFjNzE4ZmFkZjkxXkEyXkFqcGdeQXVyNDUzOTQ5MjY@._V1_UY1200_CR117,0,630,1200_AL_.jpg"
177,"https://ia.media-imdb.com/images/M/MV5BN2NkYzhlMDQtM2QwOS00NjJmLWI1M2QtMDFjNzE4ZmFkZjkxXkEyXkFqcGdeQXVyNDUzOTQ5MjY@._V1_UY1200_CR117,0,630,1200_AL_.jpg"
178,"https://ia.media-imdb.com/images/M/MV5BN2NkYzhlMDQtM2QwOS00NjJmLWI1M2QtMDFjNzE4ZmFkZjkxXkEyXkFqcGdeQXVyNDUzOTQ5MjY@._V1_UY1200_CR117,0,630,1200_AL_.jpg"
179,"https://ia.media-imdb.com/images/M/MV5BN2NkYzhlMDQtM2QwOS00NjJmLWI1M2QtMDFjNzE4ZmFkZjkxXkEyXkFqcGdeQXVyNDUzOTQ5MjY@._V1_UY1200_CR117,0,630,1200_AL_.jpg"
180,"https://ia.media-imdb.com/images/M/MV5BN2NkYzhlMDQtM2QwOS00NjJmLWI1M2QtMDFjNzE4ZmFkZjkxXkEyXkFqcGdeQXVyNDUzOTQ5MjY@._V1_UY1200_CR117,0,630,1200_AL_.jpg"
181,"https://ia.media-imdb.com/images/M/MV5BN2NkYzhlMDQtM2QwOS00NjJmLWI1M2QtMDFjNzE4ZmFkZjkxXkEyXkFqcGdeQXVyNDUzOTQ5MjY@._V1_UY1200_CR117,0,630,1200_AL_.jpg"
182,"https://ia.media-imdb.com/images/M/MV5BN2NkYzhlMDQtM2QwOS00NjJmLWI1M2QtMDFjNzE4ZmFkZjkxXkEyXkFqcGdeQXVyNDUzOTQ5MjY@._V1_UY1200_CR117,0,630,1200_AL_.jpg"
183,"https://ia.media-imdb.com/images/M/MV5BN2NkYzhlMDQtM2QwOS00NjJmLWI1M2QtMDFjNzE4ZmFkZjkxXkEyXkFqcGdeQXVyNDUzOTQ5MjY@._V1_UY1200_CR117,0,630,1200_AL_.jpg"
184,"https://ia.media-imdb.com/images/M/MV5BN2NkYzhlMDQtM2QwOS00NjJmLWI1M2QtMDFjNzE4ZmFkZjkxXkEyXkFqcGdeQXVyNDUzOTQ5MjY@._V1_UY1200_CR117,0,630,1200_AL_.jpg"
185,"https://ia.media-imdb.com/images/M/MV5BN2NkYzhlMDQtM2QwOS00NjJmLWI1M2QtMDFjNzE4ZmFkZjkxXkEyXkFqcGdeQXVyNDUzOTQ5MjY@._V1_UY1200_CR117,0,630,1200_AL_.jpg"
186,"https://ia.media-imdb.com/images/M/MV5BN2NkYzhlMDQtM2QwOS00NjJmLWI1M2QtMDFjNzE4ZmFkZjkxXkEyXkFqcGdeQXVyNDUzOTQ5MjY@._V1_UY1200_CR117,0,630,1200_AL_.jpg"
187,"https://ia.media-imdb.com/images/M/MV5BN2NkYzhlMDQtM2QwOS00NjJmLWI1M2QtMDFjNzE4ZmFkZjkxXkEyXkFqcGdeQXVyNDUzOTQ5MjY@._V1_UY1200_CR117,0,630,1200_AL_.jpg"
188,"https://ia.media-imdb.com/images/M/MV5BN2NkYzhlMDQtM2QwOS00NjJmLWI1M2QtMDFjNzE4ZmFkZjkxXkEyXkFqcGdeQXVyNDUzOTQ5MjY@._V1_UY1200_CR117,0,630,1200_AL_.jpg"
189,"https://ia.media-imdb.com/images/M/MV5BN2NkYzhlMDQtM2QwOS00NjJmLWI1M2QtMDFjNzE4ZmFkZjkxXkEyXkFqcGdeQXVyNDUzOTQ5MjY@._V1_UY1200_CR117,0,630,1200_AL_.jpg"
190,"https://ia.media-imdb.com/images/M/MV5BN2NkYzhlMDQtM2QwOS00NjJmLWI1M2QtMDFjNzE4ZmFkZjkxXkEyXkFqcGdeQXVyNDUzOTQ5MjY@._V1_UY1200_CR117,0,630,1200_AL_.jpg"
191,"https://ia.media-imdb.com/images/M/MV5BN2NkYzhlMDQtM2QwOS00NjJmLWI1M2QtMDFjNzE4ZmFkZjkxXkEyXkFqcGdeQXVyNDUzOTQ5MjY@._V1_UY1200_CR117,0,630,1200_AL_.jpg"
192,"https://ia.media-imdb.com/images/M/MV5BN2NkYzhlMDQtM2QwOS00NjJmLWI1M2QtMDFjNzE4ZmFkZjkxXkEyXkFqcGdeQXVyNDUzOTQ5MjY@._V1_UY1200_CR117,0,630,1200_AL_.jpg"
193,"https://ia.media-imdb.com/images/M/MV5BN2NkYzhlMDQtM2QwOS00NjJmLWI1M2QtMDFjNzE4ZmFkZjkxXkEyXkFqcGdeQXVyNDUzOTQ5MjY@._V1_UY1200_CR117,0,630,1200_AL_.jpg"
194,"https://ia.media-imdb.com/images/M/MV5BN2NkYzhlMDQtM2QwOS00NjJmLWI1M2QtMDFjNzE4ZmFkZjkxXkEyXkFqcGdeQXVyNDUzOTQ5MjY@._V1_UY1200_CR117,0,630,1200_AL_.jpg"
195,"https://ia.media-imdb.com/images/M/MV5BN2NkYzhlMDQtM2QwOS00NjJmLWI1M2QtMDFjNzE4ZmFkZjkxXkEyXkFqcGdeQXVyNDUzOTQ5MjY@._V1_UY1200_CR117,0,630,1200_AL_.jpg"
196,"https://ia.media-imdb.com/images/M/MV5BN2NkYzhlMDQtM2QwOS00NjJmLWI1M2QtMDFjNzE4ZmFkZjkxXkEyXkFqcGdeQXVyNDUzOTQ5MjY@._V1_UY1200_CR117,0,630,1200_AL_.jpg"
197,"https://ia.media-imdb.com/images/M/MV5BN2NkYzhlMDQtM2QwOS00NjJmLWI1M2QtMDFjNzE4ZmFkZjkxXkEyXkFqcGdeQXVyNDUzOTQ5MjY@._V1_UY1200_CR117,0,630,1200_AL_.jpg"
198,"https://ia.media-imdb.com/images/M/MV5BN2NkYzhlMDQtM2QwOS00NjJmLWI1M2QtMDFjNzE4ZmFkZjkxXkEyXkFqcGdeQXVyNDUzOTQ5MjY@._V1_UY1200_CR117,0,630,1200_AL_.jpg"
199,"https://ia.media-imdb.com/images/M/MV5BN2NkYzhlMDQtM2QwOS00NjJmLWI1M2QtMDFjNzE4ZmFkZjkxXkEyXkFqcGdeQXVyNDUzOTQ5MjY@._V1_UY1200_CR117,0,630,1200_AL_.jpg"
200,"https://ia.media-imdb.com/images/M/MV5BN2NkYzhlMDQtM2QwOS00NjJmLWI1M2QtMDFjNzE4ZmFkZjkxXkEyXkFqcGdeQXVyNDUzOTQ5MjY@._V1_UY1200_CR117,0,630,1200_AL_.jpg"
201,"https://ia.media-imdb.com/images/M/MV5BN2NkYzhlMDQtM2QwOS00NjJmLWI1M2QtMDFjNzE4ZmFkZjkxXkEyXkFqcGdeQXVyNDUzOTQ5MjY@._V1_UY1200_CR117,0,630,1200_AL_.jpg"
202,"https://ia.media-imdb.com/images/M/MV5BN2NkYzhlMDQtM2QwOS00NjJmLWI1M2QtMDFjNzE4ZmFkZjkxXkEyXkFqcGdeQXVyNDUzOTQ5MjY@._V1_UY1200_CR117,0,630,1200_AL_.jpg"
203,"https://ia.media-imdb.com/images/M/MV5BN2NkYzhlMDQtM2QwOS00NjJmLWI1M2QtMDFjNzE4ZmFkZjkxXkEyXkFqcGdeQXVyNDUzOTQ5MjY@._V1_UY1200_CR117,0,630,1200_AL_.jpg"
204,"https://ia.media-imdb.com/images/M/MV5BN2NkYzhlMDQtM2QwOS00NjJmLWI1M2QtMDFjNzE4ZmFkZjkxXkEyXkFqcGdeQXVyNDUzOTQ5MjY@._V1_UY1200_CR117,0,630,1200_AL_.jpg"
205,"https://ia.media-imdb.com/images/M/MV5BN2NkYzhlMDQtM2QwOS00NjJmLWI1M2QtMDFjNzE4ZmFkZjkxXkEyXkFqcGdeQXVyNDUzOTQ5MjY@._V1_UY1200_CR117,0,630,1200_AL_.jpg"
206,"https://ia.media-imdb.com/images/M/MV5BN2NkYzhlMDQtM2QwOS00NjJmLWI1M2QtMDFjNzE4ZmFkZjkxXkEyXkFqcGdeQXVyNDUzOTQ5MjY@._V1_UY1200_CR117,0,630,1200_AL_.jpg"
207,"https://ia.media-imdb.com/images/M/MV5BN2NkYzhlMDQtM2QwOS00NjJmLWI1M2QtMDFjNzE4ZmFkZjkxXkEyXkFqcGdeQXVyNDUzOTQ5MjY@._V1_UY1200_CR117,0,630,1200_AL_.jpg"
208,"https://ia.media-imdb.com/images/M/MV5BN2NkYzhlMDQtM2QwOS00NjJmLWI1M2QtMDFjNzE4ZmFkZjkxXkEyXkFqcGdeQXVyNDUzOTQ5MjY@._V1_UY1200_CR117,0,630,1200_AL_.jpg"
209,"https://ia.media-imdb.com/images/M/MV5BN2NkYzhlMDQtM2QwOS00NjJmLWI1M2QtMDFjNzE4ZmFkZjkxXkEyXkFqcGdeQXVyNDUzOTQ5MjY@._V1_UY1200_CR117,0,630,1200_AL_.jpg"
210,"https://ia.media-imdb.com/images/M/MV5BN2NkYzhlMDQtM2QwOS00NjJmLWI1M2QtMDFjNzE4ZmFkZjkxXkEyXkFqcGdeQXVyNDUzOTQ5MjY@._V1_UY1200_CR117,0,630,1200_AL_.jpg"
211,"https://ia.media-imdb.com/images/M/MV5BN2NkYzhlMDQtM2QwOS00NjJmLWI1M2QtMDFjNzE4ZmFkZjkxXkEyXkFqcGdeQXVyNDUzOTQ5MjY@._V1_UY1200_CR117,0,630,1200_AL_.jpg"
212,"https://ia.media-imdb.com/images/M/MV5BN2NkYzhlMDQtM2QwOS00NjJmLWI1M2QtMDFjNzE4ZmFkZjkxXkEyXkFqcGdeQXVyNDUzOTQ5MjY@._V1_UY1200_CR117,0,630,1200_AL_.jpg"
213,"https://ia.media-imdb.com/images/M/MV5BN2NkYzhlMDQtM2QwOS00NjJmLWI1M2QtMDFjNzE4ZmFkZjkxXkEyXkFqcGdeQXVyNDUzOTQ5MjY@._V1_UY1200_CR117,0,630,1200_AL_.jpg"
214,"https://ia.media-imdb.com/images/M/MV5BN2NkYzhlMDQtM2QwOS00NjJmLWI1M2QtMDFjNzE4ZmFkZjkxXkEyXkFqcGdeQXVyNDUzOTQ5MjY@._V1_UY1200_CR117,0,630,1200_AL_.jpg"
215,"https://ia.media-imdb.com/images/M/MV5BN2NkYzhlMDQtM2QwOS00NjJmLWI1M2QtMDFjNzE4ZmFkZjkxXkEyXkFqcGdeQXVyNDUzOTQ5MjY@._V1_UY1200_CR117,0,630,1200_AL_.jpg"
216,"https://ia.media-imdb.com/images/M/MV5BN2NkYzhlMDQtM2QwOS00NjJmLWI1M2QtMDFjNzE4ZmFkZjkxXkEyXkFqcGdeQXVyNDUzOTQ5MjY@._V1_UY1200_CR117,0,630,1200_AL_.jpg"
217,"https://ia.media-imdb.com/images/M/MV5BN2NkYzhlMDQtM2QwOS00NjJmLWI1M2QtMDFjNzE4ZmFkZjkxXkEyXkFqcGdeQXVyNDUzOTQ5MjY@._V1_UY1200_CR117,0,630,1200_AL_.jpg"
218,"https://ia.media-imdb.com/images/M/MV5BN2NkYzhlMDQtM2QwOS00NjJmLWI1M2QtMDFjNzE4ZmFkZjkxXkEyXkFqcGdeQXVyNDUzOTQ5MjY@._V1_UY1200_CR117,0,630,1200_AL_.jpg"
219,"https://ia.media-imdb.com/images/M/MV5BN2NkYzhlMDQtM2QwOS00NjJmLWI1M2QtMDFjNzE4ZmFkZjkxXkEyXkFqcGdeQXVyNDUzOTQ5MjY@._V1_UY1200_CR117,0,630,1200_AL_.jpg"
220,"https://ia.media-imdb.com/images/M/MV5BN2NkYzhlMDQtM2QwOS00NjJmLWI1M2QtMDFjNzE4ZmFkZjkxXkEyXkFqcGdeQXVyNDUzOTQ5MjY@._V1_UY1200_CR117,0,630,1200_AL_.jpg"
221,"https://ia.media-imdb.com/images/M/MV5BN2NkYzhlMDQtM2QwOS00NjJmLWI1M2QtMDFjNzE4ZmFkZjkxXkEyXkFqcGdeQXVyNDUzOTQ5MjY@._V1_UY1200_CR117,0,630,1200_AL_.jpg"
222,"https://ia.media-imdb.com/images/M/MV5BN2NkYzhlMDQtM2QwOS00NjJmLWI1M2QtMDFjNzE4ZmFkZjkxXkEyXkFqcGdeQXVyNDUzOTQ5MjY@._V1_UY1200_CR117,0,630,1200_AL_.jpg"
223,"https://ia.media-imdb.com/images/M/MV5BN2NkYzhlMDQtM2QwOS00NjJmLWI1M2QtMDFjNzE4ZmFkZjkxXkEyXkFqcGdeQXVyNDUzOTQ5MjY@._V1_UY1200_CR117,0,630,1200_AL_.jpg"
224,"https://ia.media-imdb.com/images/M/MV5BN2NkYzhlMDQtM2QwOS00NjJmLWI1M2QtMDFjNzE4ZmFkZjkxXkEyXkFqcGdeQXVyNDUzOTQ5MjY@._V1_UY1200_CR117,0,630,1200_AL_.jpg"
225,"https://ia.media-imdb.com/images/M/MV5BN2NkYzhlMDQtM2QwOS00NjJmLWI1M2QtMDFjNzE4ZmFkZjkxXkEyXkFqcGdeQXVyNDUzOTQ5MjY@._V1_UY1200_CR117,0,630,1200_AL_.jpg"
226,"https://ia.media-imdb.com/images/M/MV5BN2NkYzhlMDQtM2QwOS00NjJmLWI1M2QtMDFjNzE4ZmFkZjkxXkEyXkFqcGdeQXVyNDUzOTQ5MjY@._V1_UY1200_CR117,0,630,1200_AL_.jpg"
227,"https://ia.media-imdb.com/images/M/MV5BN2NkYzhlMDQtM2QwOS00NjJmLWI1M2QtMDFjNzE4ZmFkZjkxXkEyXkFqcGdeQXVyNDUzOTQ5MjY@._V1_UY1200_CR117,0,630,1200_AL_.jpg"
228,"https://ia.media-imdb.com/images/M/MV5BN2NkYzhlMDQtM2QwOS00NjJmLWI1M2QtMDFjNzE4ZmFkZjkxXkEyXkFqcGdeQXVyNDUzOTQ5MjY@._V1_UY1200_CR117,0,630,1200_AL_.jpg"
229,"https://ia.media-imdb.com/images/M/MV5BN2NkYzhlMDQtM2QwOS00NjJmLWI1M2QtMDFjNzE4ZmFkZjkxXkEyXkFqcGdeQXVyNDUzOTQ5MjY@._V1_UY1200_CR117,0,630,1200_AL_.jpg"
230,"https://ia.media-imdb.com/images/M/MV5BN2NkYzhlMDQtM2QwOS00NjJmLWI1M2QtMDFjNzE4ZmFkZjkxXkEyXkFqcGdeQXVyNDUzOTQ5MjY@._V1_UY1200_CR117,0,630,1200_AL_.jpg"
231,"https://ia.media-imdb.com/images/M/MV5BN2NkYzhlMDQtM2QwOS00NjJmLWI1M2QtMDFjNzE4ZmFkZjkxXkEyXkFqcGdeQXVyNDUzOTQ5MjY@._V1_UY1200_CR117,0,630,1200_AL_.jpg"
232,"https://ia.media-imdb.com/images/M/MV5BN2NkYzhlMDQtM2QwOS00NjJmLWI1M2QtMDFjNzE4ZmFkZjkxXkEyXkFqcGdeQXVyNDUzOTQ5MjY@._V1_UY1200_CR117,0,630,1200_AL_.jpg"
233,"https://ia.media-imdb.com/images/M/MV5BN2NkYzhlMDQtM2QwOS00NjJmLWI1M2QtMDFjNzE4ZmFkZjkxXkEyXkFqcGdeQXVyNDUzOTQ5MjY@._V1_UY1200_CR117,0,630,1200_AL_.jpg"
234,"https://ia.media-imdb.com/images/M/MV5BN2NkYzhlMDQtM2QwOS00NjJmLWI1M2QtMDFjNzE4ZmFkZjkxXkEyXkFqcGdeQXVyNDUzOTQ5MjY@._V1_UY1200_CR117,0,630,1200_AL_.jpg"
235,"https://ia.media-imdb.com/images/M/MV5BN2NkYzhlMDQtM2QwOS00NjJmLWI1M2QtMDFjNzE4ZmFkZjkxXkEyXkFqcGdeQXVyNDUzOTQ5MjY@._V1_UY1200_CR117,0,630,1200_AL_.jpg"
236,"https://ia.media-imdb.com/images/M/MV5BN2NkYzhlMDQtM2QwOS00NjJmLWI1M2QtMDFjNzE4ZmFkZjkxXkEyXkFqcGdeQXVyNDUzOTQ5MjY@._V1_UY1200_CR117,0,630,1200_AL_.jpg"
237,"https://ia.media-imdb.com/images/M/MV5BN2NkYzhlMDQtM2QwOS00NjJmLWI1M2QtMDFjNzE4ZmFkZjkxXkEyXkFqcGdeQXVyNDUzOTQ5MjY@._V1_UY1200_CR117,0,630,1200_AL_.jpg"
238,"https://ia.media-imdb.com/images/M/MV5BN2NkYzhlMDQtM2QwOS00NjJmLWI1M2QtMDFjNzE4ZmFkZjkxXkEyXkFqcGdeQXVyNDUzOTQ5MjY@._V1_UY1200_CR117,0,630,1200_AL_.jpg"
239,"https://ia.media-imdb.com/images/M/MV5BN2NkYzhlMDQtM2QwOS00NjJmLWI1M2QtMDFjNzE4ZmFkZjkxXkEyXkFqcGdeQXVyNDUzOTQ5MjY@._V1_UY1200_CR117,0,630,1200_AL_.jpg"
240,"https://ia.media-imdb.com/images/M/MV5BN2NkYzhlMDQtM2QwOS00NjJmLWI1M2QtMDFjNzE4ZmFkZjkxXkEyXkFqcGdeQXVyNDUzOTQ5MjY@._V1_UY1200_CR117,0,630,1200_AL_.jpg"
241,"https://ia.media-imdb.com/images/M/MV5BN2NkYzhlMDQtM2QwOS00NjJmLWI1M2QtMDFjNzE4ZmFkZjkxXkEyXkFqcGdeQXVyNDUzOTQ5MjY@._V1_UY1200_CR117,0,630,1200_AL_.jpg"
242,"https://ia.media-imdb.com/images/M/MV5BN2NkYzhlMDQtM2QwOS00NjJmLWI1M2QtMDFjNzE4ZmFkZjkxXkEyXkFqcGdeQXVyNDUzOTQ5MjY@._V1_UY1200_CR117,0,630,1200_AL_.jpg"
243,"https://ia.media-imdb.com/images/M/MV5BN2NkYzhlMDQtM2QwOS00NjJmLWI1M2QtMDFjNzE4ZmFkZjkxXkEyXkFqcGdeQXVyNDUzOTQ5MjY@._V1_UY1200_CR117,0,630,1200_AL_.jpg"
244,"https://ia.media-imdb.com/images/M/MV5BN2NkYzhlMDQtM2QwOS00NjJmLWI1M2QtMDFjNzE4ZmFkZjkxXkEyXkFqcGdeQXVyNDUzOTQ5MjY@._V1_UY1200_CR117,0,630,1200_AL_.jpg"
245,"https://ia.media-imdb.com/images/M/MV5BN2NkYzhlMDQtM2QwOS00NjJmLWI1M2QtMDFjNzE4ZmFkZjkxXkEyXkFqcGdeQXVyNDUzOTQ5MjY@._V1_UY1200_CR117,0,630,1200_AL_.jpg"
246,"https://ia.media-imdb.com/images/M/MV5BN2NkYzhlMDQtM2QwOS00NjJmLWI1M2QtMDFjNzE4ZmFkZjkxXkEyXkFqcGdeQXVyNDUzOTQ5MjY@._V1_UY1200_CR117,0,630,1200_AL_.jpg"
247,"https://ia.media-imdb.com/images/M/MV5BN2NkYzhlMDQtM2QwOS00NjJmLWI1M2QtMDFjNzE4ZmFkZjkxXkEyXkFqcGdeQXVyNDUzOTQ5MjY@._V1_UY1200_CR117,0,630,1200_AL_.jpg"
248,"https://ia.media-imdb.com/images/M/MV5BN2NkYzhlMDQtM2QwOS00NjJmLWI1M2QtMDFjNzE4ZmFkZjkxXkEyXkFqcGdeQXVyNDUzOTQ5MjY@._V1_UY1200_CR117,0,630,1200_AL_.jpg"
249,"https://ia.media-imdb.com/images/M/MV5BN2NkYzhlMDQtM2QwOS00NjJmLWI1M2QtMDFjNzE4ZmFkZjkxXkEyXkFqcGdeQXVyNDUzOTQ5MjY@._V1_UY1200_CR117,0,630,1200_AL_.jpg"
